stair.thisTrialN,stair.stepSize,stair.intensity,thisRow.t,notes,piloting,instructions.started,instruction.started,instructions.stopped,trial.started,fixation.started,grating.started,key_resp.started,fixation.stopped,grating.stopped,trial.stopped,corrAns,tilt,key_resp.corr,stair.response,key_resp.rt,thank_you_.started,thanks.started,thanks.stopped,thank_you_.stopped,participant,session,date,expName,expVersion,psychopyVersion,frameRate,expStart
,,,,,FALSE,0.0083024,0.0264141,10.0100709,,,,,,,,,,,,,,,,,Participant001,1,2026-09-11_17h54.08.534,Adaptive Staircase,,2026.2.3,59.54277106,2026-09-11 17h54.08.767112 +0530
0,2,10,10.0268909,,,,,,10.0106502,10.0268909,10.5098818,10.5098818,10.5250898,10.8087907,11.3932464,left,-10,1,1,0.8674316,,,,,Participant001,1,2026-09-11_17h54.08.534,Adaptive Staircase,,2026.2.3,59.54277106,2026-09-11 17h54.08.767112 +0530
1,2,8,11.4092525,,,,,,11.3935868,11.4092525,11.8920029,11.8920029,11.909278,12.1935711,12.3104705,left,-8,1,1,0.404365,,,,,Participant001,1,2026-09-11_17h54.08.534,Adaptive Staircase,,2026.2.3,59.54277106,2026-09-11 17h54.08.767112 +0530
2,2,6,12.3256428,,,,,,12.3108726,12.3256428,12.8245737,12.8245737,12.8245737,13.1264078,13.4097942,right,6,1,1,0.576649,,,,,Participant001,1,2026-09-11_17h54.08.534,Adaptive Staircase,,2026.2.3,59.54277106,2026-09-11 17h54.08.767112 +0530
3,2,4,13.4253952,,,,,,13.4100942,13.4253952,13.9247491,13.9247491,13.9247491,14.2252801,14.2430269,left,-4,1,1,0.3133694,,,,,Participant001,1,2026-09-11_17h54.08.534,Adaptive Staircase,,2026.2.3,59.54277106,2026-09-11 17h54.08.767112 +0530
4,1,2,14.2598541,,,,,,14.2434249,14.2598541,14.7443736,14.7443736,14.7605271,15.0429008,15.126451,left,-2,0,0,0.3654473,,,,,Participant001,1,2026-09-11_17h54.08.534,Adaptive Staircase,,2026.2.3,59.54277106,2026-09-11 17h54.08.767112 +0530
5,1,3,15.1428161,,,,,,15.1267493,15.1428161,15.6413212,15.6413212,15.659237,15.9413235,16.1762336,right,3,1,1,0.5268525,,,,,Participant001,1,2026-09-11_17h54.08.534,Adaptive Staircase,,2026.2.3,59.54277106,2026-09-11 17h54.08.767112 +0530
6,1,3,16.1917883,,,,,,16.1766623,16.1917883,16.6923152,16.6923152,16.6923152,16.9913942,17.0593149,right,3,0,0,0.3502695,,,,,Participant001,1,2026-09-11_17h54.08.534,Adaptive Staircase,,2026.2.3,59.54277106,2026-09-11 17h54.08.767112 +0530
7,1,4,17.0768078,,,,,,17.0595292,17.0768078,17.5589859,17.5589859,17.5923069,17.858506,18.0757586,left,-4,1,1,0.5049644,,,,,Participant001,1,2026-09-11_17h54.08.534,Adaptive Staircase,,2026.2.3,59.54277106,2026-09-11 17h54.08.767112 +0530
8,1,4,18.0920882,,,,,,18.0760134,18.0920882,18.5752753,18.5752753,18.5921037,18.8748912,18.9427035,right,4,1,1,0.3594058,,,,,Participant001,1,2026-09-11_17h54.08.534,Adaptive Staircase,,2026.2.3,59.54277106,2026-09-11 17h54.08.767112 +0530
9,1,4,18.9590269,,,,,,18.9430184,18.9590269,19.4584177,19.4584177,19.4757927,19.7586319,19.7931307,left,-4,1,1,0.3242458,,,,,Participant001,1,2026-09-11_17h54.08.534,Adaptive Staircase,,2026.2.3,59.54277106,2026-09-11 17h54.08.767112 +0530
10,1,3,19.8093247,,,,,,19.7936792,19.8093247,20.3091693,20.3091693,20.325013,20.6241944,20.6080716,right,3,1,1,0.2866468,,,,,Participant001,1,2026-09-11_17h54.08.534,Adaptive Staircase,,2026.2.3,59.54277106,2026-09-11 17h54.08.767112 +0530
11,1,3,20.6241944,,,,,,20.6083556,20.6241944,21.1084842,21.1084842,21.1253299,21.4086246,21.4261404,left,-3,1,1,0.3056613,,,,,Participant001,1,2026-09-11_17h54.08.534,Adaptive Staircase,,2026.2.3,59.54277106,2026-09-11 17h54.08.767112 +0530
12,0.5,3,21.4424135,,,,,,21.4264263,21.4424135,21.9428967,21.9428967,21.9428967,22.242641,22.2599879,left,-3,0,0,0.3009112,,,,,Participant001,1,2026-09-11_17h54.08.534,Adaptive Staircase,,2026.2.3,59.54277106,2026-09-11 17h54.08.767112 +0530
13,0.5,3.5,22.2755691,,,,,,22.2604516,22.2755691,22.7747865,22.7747865,22.7747865,23.0739292,23.3764295,right,3.5,1,1,0.5941936,,,,,Participant001,1,2026-09-11_17h54.08.534,Adaptive Staircase,,2026.2.3,59.54277106,2026-09-11 17h54.08.767112 +0530
14,0.5,3.5,23.3918758,,,,,,23.3767211,23.3918758,23.8924164,23.8924164,23.8924164,24.1923674,24.2432496,right,3.5,0,0,0.3335022,,,,,Participant001,1,2026-09-11_17h54.08.534,Adaptive Staircase,,2026.2.3,59.54277106,2026-09-11 17h54.08.767112 +0530
15,0.5,4,24.2591022,,,,,,24.2435564,24.2591022,24.7425318,24.7425318,24.7592471,25.0412036,25.1592173,right,4,1,1,0.408918,,,,,Participant001,1,2026-09-11_17h54.08.534,Adaptive Staircase,,2026.2.3,59.54277106,2026-09-11 17h54.08.767112 +0530
16,0.5,4,25.1750545,,,,,,25.1595436,25.1750545,25.674594,25.674594,25.674594,25.9754348,26.0268928,right,4,1,1,0.3405122,,,,,Participant001,1,2026-09-11_17h54.08.534,Adaptive Staircase,,2026.2.3,59.54277106,2026-09-11 17h54.08.767112 +0530
17,0.5,4,26.0430872,,,,,,26.027216,26.0430872,26.5434255,26.5434255,26.5594538,26.842393,26.826731,right,4,1,1,0.2781087,,,,,Participant001,1,2026-09-11_17h54.08.534,Adaptive Staircase,,2026.2.3,59.54277106,2026-09-11 17h54.08.767112 +0530
18,0.5,3.5,26.842393,,,,,,26.82709,26.842393,27.3430218,27.3430218,27.3430218,,27.6104569,right,3.5,1,1,0.2620258,,,,,Participant001,1,2026-09-11_17h54.08.534,Adaptive Staircase,,2026.2.3,59.54277106,2026-09-11 17h54.08.767112 +0530
19,0.5,3.5,27.6245993,,,,,,27.6107167,27.6245993,28.1249226,28.1249226,28.1249226,28.4248106,28.5088966,right,3.5,1,1,0.3756015,,,,,Participant001,1,2026-09-11_17h54.08.534,Adaptive Staircase,,2026.2.3,59.54277106,2026-09-11 17h54.08.767112 +0530
20,0.5,3.5,28.5252734,,,,,,28.5092356,28.5252734,29.0241682,29.0241682,29.0415572,29.3246802,29.4601225,right,3.5,1,1,0.4324014,,,,,Participant001,1,2026-09-11_17h54.08.534,Adaptive Staircase,,2026.2.3,59.54277106,2026-09-11 17h54.08.767112 +0530
21,0.5,3,29.4748617,,,,,,29.4604111,29.4748617,29.9589316,29.9589316,29.9758665,30.2570854,30.4435016,left,-3,1,1,0.4797441,,,,,Participant001,1,2026-09-11_17h54.08.534,Adaptive Staircase,,2026.2.3,59.54277106,2026-09-11 17h54.08.767112 +0530
22,0.5,3,30.4583355,,,,,,30.4438208,30.4583355,30.9582169,30.9582169,30.9582169,31.2571722,31.3087192,right,3,1,1,0.3351258,,,,,Participant001,1,2026-09-11_17h54.08.534,Adaptive Staircase,,2026.2.3,59.54277106,2026-09-11 17h54.08.767112 +0530
23,0.5,3,31.3251865,,,,,,31.308936,31.3251865,31.8250794,31.8250794,31.8250794,,32.0607771,left,-3,1,1,0.2311249,,,,,Participant001,1,2026-09-11_17h54.08.534,Adaptive Staircase,,2026.2.3,59.54277106,2026-09-11 17h54.08.767112 +0530
24,0.5,2.5,32.0757739,,,,,,32.0609918,32.0757739,32.5762434,32.5762434,32.5762434,,32.825894,right,2.5,1,1,0.2336388,,,,,Participant001,1,2026-09-11_17h54.08.534,Adaptive Staircase,,2026.2.3,59.54277106,2026-09-11 17h54.08.767112 +0530
25,0.5,2.5,32.8411297,,,,,,32.826349,32.8411297,33.3420995,33.3420995,33.3420995,,33.6085943,right,2.5,0,0,0.254623,,,,,Participant001,1,2026-09-11_17h54.08.534,Adaptive Staircase,,2026.2.3,59.54277106,2026-09-11 17h54.08.767112 +0530
26,0.5,3,33.6241205,,,,,,33.6088018,33.6241205,34.1085583,34.1085583,34.1249409,,34.3911906,left,-3,0,0,0.2732252,,,,,Participant001,1,2026-09-11_17h54.08.534,Adaptive Staircase,,2026.2.3,59.54277106,2026-09-11 17h54.08.767112 +0530
27,0.5,3.5,34.4068611,,,,,,34.3913927,34.4068611,34.8921453,34.8921453,34.9086425,35.1914481,35.4406759,right,3.5,0,0,0.5406974,,,,,Participant001,1,2026-09-11_17h54.08.534,Adaptive Staircase,,2026.2.3,59.54277106,2026-09-11 17h54.08.767112 +0530
28,0.5,4,35.4562727,,,,,,35.4411663,35.4562727,35.9407172,35.9407172,35.9572674,,36.1759837,left,-4,1,1,0.2312025,,,,,Participant001,1,2026-09-11_17h54.08.534,Adaptive Staircase,,2026.2.3,59.54277106,2026-09-11 17h54.08.767112 +0530
29,0.5,4,36.1904884,,,,,,36.1762386,36.1904884,36.6903039,36.6903039,36.6903039,,36.9246825,right,4,1,1,0.2266598,,,,,Participant001,1,2026-09-11_17h54.08.534,Adaptive Staircase,,2026.2.3,59.54277106,2026-09-11 17h54.08.767112 +0530
30,0.5,4,36.9406631,,,,,,36.9249806,36.9406631,37.4254268,37.4254268,37.4421969,37.723943,37.7249524,right,4,0,0,0.284596,,,,,Participant001,1,2026-09-11_17h54.08.534,Adaptive Staircase,,2026.2.3,59.54277106,2026-09-11 17h54.08.767112 +0530
31,0.5,4.5,37.741101,,,,,,37.7251687,37.741101,38.2248565,38.2248565,38.2410468,38.5249018,38.5081354,left,-4.5,0,0,0.2693378,,,,,Participant001,1,2026-09-11_17h54.08.534,Adaptive Staircase,,2026.2.3,59.54277106,2026-09-11 17h54.08.767112 +0530
32,0.5,5,38.5249018,,,,,,38.508408,38.5249018,39.0085325,39.0085325,39.0246904,39.3075946,42.4589738,left,-5,1,1,3.4432964,,,,,Participant001,1,2026-09-11_17h54.08.534,Adaptive Staircase,,2026.2.3,59.54277106,2026-09-11 17h54.08.767112 +0530
33,0.5,5,42.4740806,,,,,,42.459166,42.4740806,42.9750881,42.9750881,42.9750881,43.2898556,43.4102384,left,-5,1,1,0.4328089,,,,,Participant001,1,2026-09-11_17h54.08.534,Adaptive Staircase,,2026.2.3,59.54277106,2026-09-11 17h54.08.767112 +0530
34,0.5,5,43.4244646,,,,,,43.4105378,43.4244646,43.9236134,43.9236134,43.9236134,44.2249341,44.35803,left,-5,1,1,0.4237836,,,,,Participant001,1,2026-09-11_17h54.08.534,Adaptive Staircase,,2026.2.3,59.54277106,2026-09-11 17h54.08.767112 +0530
35,0.5,4.5,44.3751744,,,,,,44.3582689,44.3751744,44.8577958,44.8577958,44.8747903,,45.1095164,left,-4.5,1,1,0.2466934,,,,,Participant001,1,2026-09-11_17h54.08.534,Adaptive Staircase,,2026.2.3,59.54277106,2026-09-11 17h54.08.767112 +0530
36,0.5,4.5,45.1227398,,,,,,45.1097468,45.1227398,45.623535,45.623535,45.623535,,45.8914482,left,-4.5,1,1,0.2516889,,,,,Participant001,1,2026-09-11_17h54.08.534,Adaptive Staircase,,2026.2.3,59.54277106,2026-09-11 17h54.08.767112 +0530
37,0.5,4.5,45.9074619,,,,,,45.8917329,45.9074619,46.4078544,46.4078544,46.4078544,,46.6744745,left,-4.5,1,1,0.2532516,,,,,Participant001,1,2026-09-11_17h54.08.534,Adaptive Staircase,,2026.2.3,59.54277106,2026-09-11 17h54.08.767112 +0530
38,0.5,4,46.6901255,,,,,,46.6746777,46.6901255,47.1746182,47.1746182,47.1918594,47.4741099,47.4748624,right,4,0,0,0.2877033,,,,,Participant001,1,2026-09-11_17h54.08.534,Adaptive Staircase,,2026.2.3,59.54277106,2026-09-11 17h54.08.767112 +0530
39,0.5,4.5,47.4914056,,,,,,47.4752146,47.4914056,47.9903697,47.9903697,48.0065379,48.2903126,48.3423572,left,-4.5,1,1,0.347118,,,,,Participant001,1,2026-09-11_17h54.08.534,Adaptive Staircase,,2026.2.3,59.54277106,2026-09-11 17h54.08.767112 +0530
40,0.5,4.5,48.3567616,,,,,,48.3426096,48.3567616,48.8567295,48.8567295,48.8567295,49.1579205,49.2750387,right,4.5,0,0,0.4027946,,,,,Participant001,1,2026-09-11_17h54.08.534,Adaptive Staircase,,2026.2.3,59.54277106,2026-09-11 17h54.08.767112 +0530
41,0.5,5,49.2896242,,,,,,49.2753892,49.2896242,49.7908023,49.7908023,49.7908023,50.0900241,50.1089569,right,5,0,0,0.3024508,,,,,Participant001,1,2026-09-11_17h54.08.534,Adaptive Staircase,,2026.2.3,59.54277106,2026-09-11 17h54.08.767112 +0530
42,0.5,5.5,50.1234239,,,,,,50.1091319,50.1234239,50.6232312,50.6232312,50.6232312,50.9241205,51.0249924,right,5.5,1,1,0.3952973,,,,,Participant001,1,2026-09-11_17h54.08.534,Adaptive Staircase,,2026.2.3,59.54277106,2026-09-11 17h54.08.767112 +0530
43,0.5,5.5,51.0398595,,,,,,51.0254082,51.0398595,51.5236906,51.5236906,51.5404353,51.8230109,51.957783,left,-5.5,1,1,0.4175328,,,,,Participant001,1,2026-09-11_17h54.08.534,Adaptive Staircase,,2026.2.3,59.54277106,2026-09-11 17h54.08.767112 +0530
44,0.5,5.5,51.9738692,,,,,,51.9579637,51.9738692,52.4581133,52.4581133,52.4752413,,52.7242418,right,5.5,1,1,0.2536656,,,,,Participant001,1,2026-09-11_17h54.08.534,Adaptive Staircase,,2026.2.3,59.54277106,2026-09-11 17h54.08.767112 +0530
45,0.5,5,52.7401215,,,,,,52.7245422,52.7401215,53.2396746,53.2396746,53.2396746,53.5401324,53.5234673,left,-5,1,1,0.2722882,,,,,Participant001,1,2026-09-11_17h54.08.534,Adaptive Staircase,,2026.2.3,59.54277106,2026-09-11 17h54.08.767112 +0530
46,0.5,5,53.5401324,,,,,,53.5238414,53.5401324,54.0227323,54.0227323,54.0403332,54.3234066,54.3063658,right,5,1,1,0.2769388,,,,,Participant001,1,2026-09-11_17h54.08.534,Adaptive Staircase,,2026.2.3,59.54277106,2026-09-11 17h54.08.767112 +0530
47,0.5,5,54.3234066,,,,,,54.3066085,54.3234066,54.8071536,54.8071536,54.8241067,55.1065482,55.1238943,left,-5,1,1,0.3002224,,,,,Participant001,1,2026-09-11_17h54.08.534,Adaptive Staircase,,2026.2.3,59.54277106,2026-09-11 17h54.08.767112 +0530
48,0.5,4.5,55.1398028,,,,,,55.1241387,55.1398028,55.641137,55.641137,55.641137,,55.890553,right,4.5,1,1,0.2422646,,,,,Participant001,1,2026-09-11_17h54.08.534,Adaptive Staircase,,2026.2.3,59.54277106,2026-09-11 17h54.08.767112 +0530
49,0.5,4.5,55.905948,,,,,,55.8907389,55.905948,56.3904408,56.3904408,56.4068423,,56.6587232,left,-4.5,1,1,0.2634431,,,,,Participant001,1,2026-09-11_17h54.08.534,Adaptive Staircase,,2026.2.3,59.54277106,2026-09-11 17h54.08.767112 +0530
,,,,,,,,,,,,,,,,,,,,,56.6589359,56.6719699,60.6732967,60.6565445,Participant001,1,2026-09-11_17h54.08.534,Adaptive Staircase,,2026.2.3,59.54277106,2026-09-11 17h54.08.767112 +0530
